{
    "packages": [
        {
            "SHA1": "598660fdcb5040cb7cf6ddf13c4aa789569afada", 
            "Maintainer": "TSUNAMI VIP <virgalhack0@gmail.com>", 
            "Description": "\u0412\u0437\u043b\u043e\u043c  \u043d\u0430 \u043f\u043e\u0434\u043f\u0438\u0441\u043a\u0443, \u0432\u0441\u0435 \u043e\u0442\u043a\u0440\u044b\u0442\u043e", 
            "Package": "com.tsunami.v5", 
            "Author": "TSUNAMI VIP <virgalhack0@gmail.com>", 
            "Section": "Tweaks (Hacks)", 
            "MD5sum": "2ce20f86da0c76e7813b2c9db3de994d", 
            "Filename": "repo/debs/my.v5.tsunami_1.6.0_iphoneos-arm.deb", 
            "Depends": "mobilesubstrate", 
            "Version": "1.0", 
            "Architecture": "iphoneos-arm", 
            "Name": "PUBGM TSUNAMI V5", 
            "Size": "5556"
        }, 
        {
        
        }
    ], 
    "update": "2021-10-8 23:52:41.475973", 
    "update_info": {
        "date": {
            "year": 2021, 
            "day": 8, 
            "month": 10
        }, 
        "str_time": "23:52", 
        "str_date": "8/10/2021", 
        "time": {
            "second": 41, 
            "minute": 52, 
            "hour": 23
        }
    }
}